BEL;7905;E14P302702;Q3 2020;EUR
BEL;37416;F11P300790;Q1 2020;EUR
BEL;37416;F11P300790;Q2 2020;EUR
BEL;37416;F11P300790;Q4 2020;EUR
BEL;38947;E15P2023521000;Q4 2020;EUR
BEL;39807;F11P302981;Q3 2020;EUR
BEL;39807;F11P302981;Q4 2020;EUR
BEL;92952;E14P2004121000;Q1 2020;EUR
BEL;93085;F17P302984;Q3 2020;EUR
BEL;93085;F17P302984;Q4 2020;EUR
BEL;93085;F17P302984;Y 2020;EUR
BEL;93673;E15P2010450550-PO8800052182;Q4 2020;EUR
BEL;93698;E10P2000061500;Q4 2020;EUR
BEL;122050;E16P202850-2500;Q4 2020;EUR
BEL;243256;E18P2 03163;Q1 2020;EUR
BEL;243256;E18P2 03163;Q2 2020;EUR
BEL;257053;E17P2029920800-2;Q3 2020;EUR
BEL;321359;E13P2017700150;Q3 2020;EUR
BEL;38534;1000087;Q1 2020;EUR
BEL;38534;1999890;Q1 2020;EUR
BEL;37591;E13P2017310000_P;Q3 2020;EUR
BEL;37591;E13P2017310000_P;Q4 2020;EUR
BEL;257059;BE4-21-1-016;Y 2020;EUR
BEL;257059;BE4-21-1-017;Y 2020;EUR
CHE;1499;CH1499-0300 Eponge;Y 2020;EUR
CHE;6452;CH6452-0300;Y 2020;CHF
CHE;92021;CH92021-0500;Q4 2020;CHF
CHE;121807;1700103-2;S2 2020;EUR
CHE;267824;CH267824-0600;Y 2020;EUR
CHE;336308;CH336308-0100;Y 2020;CHF
CORP;604;GP4GP2439;Y 2020;EUR
CORP;703;GP4GP2575;Q1 2020;EUR
CORP;703;GP4GP2575;Q2 2020;EUR
CORP;703;GP4GP2575;Q3 2020;EUR
CORP;703;GP4GP2575;Q4 2020;EUR
CORP;703;GP4GP2575;Y 2020;EUR
CORP;1675;GP3IISIB21038;Y 2020;EUR
CORP;1675;GP3PMG2972;Y 2020;EUR
CORP;1675;GP3NSN2973;Y 2020;EUR
CORP;1675;GP3IISIB2971;Y 2020;EUR
CORP;1753;GP3EH2171;Q1 2020;EUR
CORP;1753;GP3EH2171;Q2 2020;EUR
CORP;4831;GP4GP2220;Q2 2020;EUR
CORP;6085;GP4GP2430;Y 2020;EUR
CORP;12841;GP2GP2638;Q1 2020;EUR
CORP;12841;GP4GP2640;Q1 2020;EUR
CORP;12841;GP4GP2640;Q4 2020;USD
CORP;31604;GP2GP2248;Q3 2020;EUR
CORP;33730;GP3NOV2706;Q3 2020;GBP
CORP;33730;GP3NOV2706;Q4 2020;EUR
CORP;43572;GP2GP2930;Q1 2020;EUR
CORP;43572;GP2GP2930;Q2 2020;EUR
CORP;43794;GP3SOF2166;Q3 2020;EUR
CORP;43794;GP3SOF2166;Q4 2020;EUR
CORP;44234;GP3NOV2406;Q3 2020;EUR
CORP;45444;GP4GP2117;Q3 2020;EUR
CORP;54422;GP3IB2592;Q4 2020;EUR
CORP;57072;GP4GP2037;Y 2020;EUR
CORP;57700;GP3MERD2319;Q1 2020;EUR
CORP;57700;GP3MERD2319;Q4 2020;EUR
CORP;57778;GP4GP2754;Q4 2020;EUR
CORP;70302;GP4GP2944;Y 2020;EUR
CORP;76606;GP4GP2752;Q4 2020;EUR
CORP;79507;GP4GP2059A;Q1 2020;EUR
CORP;95969;GP3HF1GP2735;Q3 2020;EUR
CORP;99076;GP2GP2596-;Q3 2020;EUR
CORP;102080;GP3IB2561;Q2 2020;EUR
CORP;102080;GP3IB2561;Q3 2020;EUR
CORP;102080;GP3IBS2562;Q3 2020;EUR
CORP;102080;GP4GP2566;Q3 2020;EUR
CORP;102080;GP4GP2566;Q4 2020;EUR
CORP;106626;GP3IB2582;Q1 2020;EUR
CORP;160837;GP2GP2721;Q4 2020;EUR
CORP;160837;GP4GP21097;Q3 2020;EUR
CORP;184974;GP4GP2572;Y 2020;EUR
CORP;193437;GP4GP2570;Y 2020;EUR
CORP;231697;GP4GP2199;Y 2020;EUR
CORP;245064;GP3IBMEG2446;Q1 2020;EUR
CORP;245064;GP3IBMEG2446;Q2 2020;EUR
CORP;245064;GP3IBMEG2446;Q3 2020;EUR
CORP;245064;GP3IBMEG2446;Q4 2020;EUR
CORP;258156;2439015 - GERMANY;Q1 2020;EUR
CORP;258156;2439015 - GERMANY;Q2 2020;EUR
CORP;258156;2439015 - GERMANY;Q3 2020;EUR
CORP;264943;GP2GP2259;Q1 2020;EUR
CORP;264943;GP2GP2259;Q2 2020;EUR
CORP;264943;GP2GP2259;Q4 2020;EUR
CORP;264943;GP3F12762;Q1 2020;EUR
CORP;264943;GP3F12762;Q2 2020;EUR
CORP;264943;GP3F12762;Q4 2020;EUR
CORP;279356;GP4GP2751;Y 2020;EUR
CORP;280188;GP4GP2953;Y 2020;EUR
CORP;287300;GP4GP21129-GBP;Y 2020;GBP
CORP;287300;GP4GP21129-USD;Y 2020;USD
CORP;287320;GP3IB2498;Q4 2020;EUR
CORP;296607;GP3IBMEG2448;Y 2020;EUR
CORP;339825;2439015-FINL;Q3 2020;EUR
CORP;345853;GP4GP21079;Q4 2020;USD
CORP;8789;GP2GP2651;Q4 2020;EUR
CORP;51885;GP2GP2271;Q1 2020;EUR
CORP;51885;GP3MERD2272A;Q1 2020;EUR
CORP;60843;GP3MERD2310;Q1 2020;EUR
CORP;260109;GP4GP2716-EMEA;Q1 2020;EUR
CORP;260109;GP4GP2716-EMEA;Q2 2020;EUR
CORP;45894;GP4GP2511-USD;Q1 2020;USD
CORP;45894;GP4GP2511-USD;Q2 2020;USD
CORP;45894;GP4GP2511-USD;Q3 2020;USD
CORP;45894;GP4GP2511-USD;Q4 2020;EUR
CORP;45894;GP4GP2511-USD;Q4 2020;USD
CORP;90228;GP3SOF2412;S1 2020;USD
CORP;211853;GP2GP2269;Q1 2020;EUR
CORP;356631;GP2GP21140;Q4 2020;EUR
CORP;41262;GP4GP1150;Q3 2020;EUR
CORP;211229;GP4GP2609;Y 2020;EUR
CORP;1453;GP4GP2046-;Y 2020;EUR
CORP;262263;GP4GP2718;Y 2020;EUR
ESP;3302;124P4-10;Q3 2020;EUR
ESP;3362;165DTHQ-18;Q4 2020;EUR
ESP;3362;165VOZ-18;Q4 2020;EUR
ESP;4711;043JR-18;Q4 2020;EUR
ESP;4711;043MT-18;Q4 2020;EUR
FRA;1675;FR3F12679;Y 2020;EUR
FRA;6277;326247;Q4 2020;EUR
FRA;41730;5003;Q2 2020;EUR
FRA;41730;5003;Q3 2020;EUR
FRA;41730;5003;Q4 2020;EUR
FRA;43535;4056;Q1 2020;EUR
FRA;43535;4056;Q2 2020;EUR
FRA;43535;4056;Q3 2020;EUR
FRA;43535;4056;Q4 2020;EUR
FRA;43542;20109;Q1 2020;EUR
FRA;43542;20109;Q2 2020;EUR
FRA;43542;20109;Q3 2020;EUR
FRA;43568;210051567;Q2 2020;EUR
FRA;43568;210051567;Q3 2020;EUR
FRA;43568;210051567;Q4 2020;EUR
FRA;43568;2205106834;Q3 2020;EUR
FRA;43572;FR4GP2323;Y 2020;EUR
FRA;44236;FR4GP2251;Y 2020;EUR
FRA;44727;4053;Q1 2020;EUR
FRA;44727;4053;Q2 2020;EUR
FRA;44727;4053;Q3 2020;EUR
FRA;44727;4053;Q4 2020;EUR
FRA;44791;4070;Q1 2020;EUR
FRA;44791;4070;Q2 2020;EUR
FRA;44791;4070;Q3 2020;EUR
FRA;44791;4070;Q4 2020;EUR
FRA;44931;2205106595;Q3 2020;EUR
FRA;45056;6001;Q1 2020;EUR
FRA;45056;6001;Q2 2020;EUR
FRA;45056;6001;Q3 2020;EUR
FRA;45056;6001;Q4 2020;EUR
FRA;45248;901002;Q4 2020;EUR
FRA;46311;8020;Q1 2020;EUR
FRA;46311;8020;Q2 2020;EUR
FRA;46311;8020;Q3 2020;EUR
FRA;46311;8020;Q4 2020;EUR
FRA;55829;1130022968N8;Q4 2020;EUR
FRA;56494;8014;Q1 2020;EUR
FRA;56494;8014;Q2 2020;EUR
FRA;56494;8014;Q3 2020;EUR
FRA;56494;8014;Q4 2020;EUR
FRA;58384;5004;Q1 2020;EUR
FRA;58384;5004;Q3 2020;EUR
FRA;58384;5004;Q4 2020;EUR
FRA;58393;2002;Q1 2020;EUR
FRA;58393;2002;Q2 2020;EUR
FRA;58393;2002;Q3 2020;EUR
FRA;58393;2002;Q4 2020;EUR
FRA;58821;5009;Q1 2020;EUR
FRA;58821;5009;Q2 2020;EUR
FRA;58821;5009;Q3 2020;EUR
FRA;58821;5009;Q4 2020;EUR
FRA;61366;FR4GP2751;Y 2020;EUR
FRA;67180;2197206237;Q3 2020;EUR
FRA;75859;2150544105;Q3 2020;EUR
FRA;79788;FR4GP2344;Y 2020;EUR
FRA;91600;FR4GP1403;Y 2020;EUR
FRA;100930;FR4GP2602;Y 2020;EUR
FRA;116140;FR4GP1363;Y 2020;EUR
FRA;116164;FR3MNSN1508;Y 2020;EUR
FRA;119761;27260014;Q1 2020;EUR
FRA;119761;27260014;Q3 2020;EUR
FRA;119761;27260014;Q4 2020;EUR
FRA;259612;4048;Q3 2020;EUR
FRA;264410;900070;Q1 2020;EUR
FRA;264410;2196406469 MAINTENANCE;Q3 2020;EUR
FRA;264410;2196406470 TRAVAUX;Q3 2020;EUR
FRA;321980;FR4GP2733;Y 2020;EUR
FRA;328326;1190606260;Q1 2020;EUR
FRA;328326;1190606260;Q2 2020;EUR
FRA;328326;1190606260;Q3 2020;EUR
FRA;328326;1190606260;Q4 2020;EUR
FRA;342256;FR4GP2785;S1 2020;EUR
FRA;339628;FR4GP2758;Y 2020;EUR
GBR;1499;1 18 E0L021 GB 00354;Q1 2020;EUR
GBR;1499;1 18 E0L021 GB 00354;Q4 2020;EUR
GBR;12841;1 18 E00032 GB 00283;Q1 2020;GBP
GBR;24560;1 18 E00073 GB 00266;Q1 2020;GBP
GBR;32874;1 18 E00020 GB 00384 HYGIENE;Q4 2020;GBP
GBR;32874;1 18 E00030 GB 00358 GREENLEAF;Q4 2020;GBP
GBR;33342;1 18 E00056 GB 00556;Q1 2020;GBP
GBR;33342;1 18 E00056 GB 00556;Q2 2020;GBP
GBR;33469;1 18 E00073 GB 00279;Q1 2020;GBP
GBR;33469;1 18 E00073 GB 00279;Q2 2020;GBP
GBR;33702;1 18 E0L005 GB 00262;Q4 2020;GBP
GBR;33961;1 18 E00054 GB 00367;Q4 2020;GBP
GBR;34848;1 18 E0L018 GB 00290;Q1 2020;GBP
GBR;34848;1 18 E0L018 GB 00290;Q2 2020;GBP
GBR;34958;1 18 A00013 GB 00413;Q1 2020;GBP
GBR;35064;1 18 E00028 GB 00342;Q1 2020;GBP
GBR;35064;1 18 E00028 GB 00342;Q2 2020;GBP
GBR;35126;1 20 E00045 GB 00607;Q4 2020;GBP
GBR;35164;1 18 E00017 GB 00286;Q1 2020;GBP
GBR;35226;1 18 E00013 GB 00364;Q1 2020;GBP
GBR;35747;1 18 E00075 GB 00323;Q4 2020;GBP
GBR;36014;1 18 E00058 GB 00246;Q1 2020;GBP
GBR;36119;1 18 E00038 GB 00310;Q4 2020;GBP
GBR;36195;1 19 A00006 GB 00468;Q1 2020;GBP
GBR;36600;1 18 E00055 GB 00278;Q1 2020;GBP
GBR;36605;1 18 E0L005 GB 00293;Q2 2020;GBP
GBR;36605;1 19 E0L005 GB 00532 - Amaris;Q2 2020;GBP
GBR;36769;1 18 AR0002 GB 00403;Q1 2020;GBP
GBR;36769;1 18 AR0002 GB 00403;Q2 2020;GBP
GBR;36769;1 18 AR0002 GB 00403;Q3 2020;GBP
GBR;36898;1 18 E00062 GB 00558;Q1 2020;GBP
GBR;36898;1 18 E00062 GB 00558;Q2 2020;GBP
GBR;36898;1 18 E00062 GB 00558;Q3 2020;GBP
GBR;36898;1 18 E00062 GB 00558;Q4 2020;GBP
GBR;37142;UK130146B;Q1 2020;EUR
GBR;82424;1 19 E00068 GB 00478;Q4 2020;GBP
GBR;102080;1 18 E00032 GB 00280;Q1 2020;EUR
GBR;115736;1 18 A00004 GB 00532;Q1 2020;GBP
GBR;115736;1 18 A00004 GB 00532;Q2 2020;GBP
GBR;115736;1 18 A00004 GB 00532;Q3 2020;GBP
GBR;115817;1 18 A00014 GB 00534;Q1 2020;GBP
GBR;115817;1 18 A00014 GB 00534;Q3 2020;GBP
GBR;115817;1 18 A00014 GB 00534;Q4 2020;GBP
GBR;115905;4 15 A00005 GB 00591;Q1 2020;GBP
GBR;115905;4 15 A00005 GB 00591;Q2 2020;GBP
GBR;116813;1 18 A00005 GB 00549;Q1 2020;GBP
GBR;118233;1 18 E00007 GB 00328;Q3 2020;GBP
GBR;119281;1 17 A00014 GB 00533;Q1 2020;GBP
GBR;179208;12 12 A00014 GB 00537;Q1 2020;GBP
GBR;179208;12 12 A00014 GB 00537;Q2 2020;GBP
GBR;193596;4 18 E00072 GB 00568;Q1 2020;GBP
GBR;193596;4 18 E00072 GB 00568;Q2 2020;GBP
GBR;193596;4 18 E00072 GB 00568;Q3 2020;GBP
GBR;193596;4 18 E00072 GB 00568;Q4 2020;GBP
GBR;254710;GB4-21-1-014;Q1 2020;GBP
GBR;257873;1 19 E00055 GB 00531;Q1 2020;GBP
GBR;284060;1 18 E00072-2 GB 00410;Q4 2020;GBP
GBR;284060;11 20 E00072-2 GB 00616;Q4 2020;GBP
GBR;305562;1 18 A00004 GB 00562;Q1 2020;GBP
GBR;305696;11 18 A00005 GB 00541;Q1 2020;GBP
GBR;305696;11 18 A00005 GB 00541;Q2 2020;GBP
GBR;306961;7 19 A00009 GB 00536;Q2 2020;GBP
GBR;306961;7 19 A00009 GB 00536;Q3 2020;GBP
ITA;26149;IT2-21-2-042;Q1 2020;EUR
ITA;26149;IT2-21-2-042;Q2 2020;EUR
ITA;26149;IT2-21-2-042;Q3 2020;EUR
ITA;26149;IT2-21-2-042;Q4 2020;EUR
ITA;27582;IT2GP191053;Q3 2020;EUR
ITA;27582;IT2GP191053;Q4 2020;EUR
ITA;27991;IT2GP10363;Q3 2020;EUR
ITA;28164;IT4GP192055;Q4 2020;EUR
ITA;28542;IT2GP181021A 393;Q1 2020;EUR
ITA;28542;IT2GP20314;Q3 2020;EUR
ITA;28721;IT2GP182009;Q1 2020;EUR
ITA;28775;IT2GP182060;Q3 2020;EUR
ITA;28775;IT2GP182060;Q4 2020;EUR
ITA;28908;IT2-21-3-023;Q4 2020;EUR
ITA;28988;IT2GP20356;Q3 2020;EUR
ITA;29628;IT2GP192036;Q1 2020;EUR
ITA;29662;IT2GP10343;Q2 2020;EUR
ITA;29662;IT2GP181093;Q1 2020;EUR
ITA;29662;IT2GP181093;Q2 2020;EUR
ITA;29816;IT2GP181027;Q1 2020;EUR
ITA;29976;IT2GP181030;Q1 2020;EUR
ITA;29976;IT2GP181030;Q2 2020;EUR
ITA;116362;IT2GP20292;Q3 2020;EUR
ITA;182480;IT2GP182082A 221;Q3 2020;EUR
ITA;224290;IT2GP182008;Q1 2020;EUR
ITA;228539;IT2GP202079;Q2 2020;EUR
ITA;239369;IT2GP201083;Q1 2020;EUR
ITA;239369;IT2GP201083;Q2 2020;EUR
ITA;268892;IT2GP20299;Q1 2020;EUR
ITA;268892;IT2GP20299;Q3 2020;EUR
ITA;292482;IT2GP181018;Q1 2020;EUR
ITA;29968;IT2GP182099;Q1 2020;EUR
ITA;181428;IT2GP182011;Q1 2020;EUR
ITA;181428;IT2GP182011;Q2 2020;EUR
ITA;307878;IT2GP20349;Q1 2020;EUR
ITA;307878;IT2GP20349;Q2 2020;EUR
NLD;7905;E10P200048-0909;Q3 2020;EUR
NLD;7905;E10P200048-0909;Q4 2020;EUR
NLD;8241;E16P202363-0123;Q3 2020;EUR
NLD;9022;F16P202466-0000;Q3 2020;EUR
NLD;9160;NL2201022GP;Q4 2020;EUR
NLD;9212;E17P202566-0500;Q4 2020;EUR
NLD;34177;E19P2 02663;Q4 2020;EUR
NLD;37082;NL42019138GP;Q1 2020;EUR
NLD;37086;F10P300070-1296;Y 2020;EUR
NLD;37142;F10P300301-ST00;Q3 2020;EUR
NLD;37142;F10P300301-ST00;Q4 2020;EUR
NLD;37233;  NL22019137GP;Y 2020;EUR
NLD;37416;F10P300184-ST00;Q1 2020;EUR
NLD;37416;F10P300184-ST00;Q3 2020;EUR
NLD;37416;F10P300184-ST00;Q4 2020;EUR
NLD;98783;E15P202168-0164;Q3 2020;EUR
NLD;119951;E13P401607-2000;Q2 2020;EUR
NLD;119951;E13P401607-2000;Q4 2020;EUR
NLD;243256;E17P202565-0400;Q3 2020;EUR
NLD;302197;E19P2 02642;Q4 2020;EUR
NLD;330589;NL2193006GP;Y 2020;EUR
NLD;283629;NL2191005GP;Q0 2020;EUR
PRT;1499;Prt 343RE-2018;Q1 2020;EUR
PRT;37416;Prt 327-2018;Q1 2020;EUR
PRT;37416;Prt 327-2018;Q2 2020;EUR
PRT;37416;Prt 327-2018;Q3 2020;EUR
PRT;37416;Prt 327-2018;Q4 2020;EUR
PRT;298442;Prt 344Y-2018;Q1 2020;EUR
PRT;298442;Prt 344Y-2018;Q2 2020;EUR
PRT;298442;Prt 344Y-2018;Q3 2020;EUR
PRT;100495;Prt 132-2018;Q1 2020;EUR
BEL;37416;F11P300790;Q1 2021;EUR
BEL;37416;F11P300790;Q2 2021;EUR
BEL;38362;1000070;Q2 2021;EUR
BEL;38775;1999984;Q1 2021;EUR
BEL;39807;F11P302981;Q1 2021;EUR
BEL;39807;F11P302981;Q2 2021;EUR
BEL;93421;1000118;Q2 2021;EUR
BEL;240994;F11P300653;Q1 2021;EUR
BEL;94381;E12P2013723000;Q1 2021;EUR
BEL;278286;E17P202987-0600;Q3 2021;EUR
CHE;2533;2533-1;Q0 2021;CHF
CHE;341966;CH9120-0550;Q0 2021;CHF
CHE;6432;CH6432-0300;Q0 2021;CHF
CHE;783;CH783-0500A;Q0 2021;CHF
CHE;2385;8533-1;Q0 2021;CHF
CHE;336308;CH336308-0100;Q0 2021;CHF
CHE;336308;CH336308-0100;Q0 2021;EUR
CHE;2127;CH2127-003;Q0 2021;CHF
CORP;532;691444;Q0 2021;EUR
CORP;703;GP2GP2573;Q0 2021;EUR
CORP;703;GP3NOV2574;Q0 2021;EUR
CORP;703;GP4GP2575;Q1 2021;EUR
CORP;966;GP2GP2282;Q0 2021;EUR
CORP;1499;GP4GP2527;Q0 2021;EUR
CORP;1655;26133077;Q0 2021;EUR
CORP;1675;GP3IISIB21038;Q3 2021;EUR
CORP;1675;GP3IISIB2971;Q3 2021;EUR
CORP;1675;GP3NSN2973;Q3 2021;EUR
CORP;1675;GP3PMG2972;Q3 2021;EUR
CORP;1713;690001;Q0 2021;EUR
CORP;1713;GP3EHC2175;Q3 2021;EUR
CORP;1843;GP2GP2410;Q0 2021;EUR
CORP;2021;768614;Q0 2021;EUR
CORP;2093;26083072;Q0 2021;EUR
CORP;2206;2506023;Q0 2021;EUR
CORP;2207;GP2GP2152;Q0 2021;EUR
CORP;2543;2439015;Q0 2021;EUR
CORP;2551;GP2GP2339;Q0 2021;EUR
CORP;2672;26102066;Q0 2021;EUR
CORP;2774;623085-2;Q0 2021;EUR
CORP;3302;GP4GP2755;Q1 2021;EUR
CORP;3790;692003;Q0 2021;EUR
CORP;5753;GP2GP2680;Q0 2021;EUR
CORP;6311;2426039;Q0 2021;EUR
CORP;8724;GP2GP2682;Q0 2021;EUR
CORP;9857;2291019;Q0 2021;EUR
CORP;12841;GP4GP2640;Q1 2021;EUR
CORP;18502;GP2GP2671;Q0 2021;EUR
CORP;21412;GP2GP2976;Q0 2021;EUR
CORP;25738;GP2GP2678;Q0 2021;EUR
CORP;31604;GP2GP2248;Q0 2021;EUR
CORP;35212;GP2GP2455;Q0 2021;EUR
CORP;37142;GP4GP11059;Q1 2021;EUR
CORP;43572;GP2GP2930;Q0 2021;EUR
CORP;43979;GP2GP2793;Q0 2021;EUR
CORP;44226;GP2GP2415;Q0 2021;EUR
CORP;44234;690012;Q0 2021;EUR
CORP;44252;670004;Q0 2021;EUR
CORP;45351;GP2GP2669;Q0 2021;EUR
CORP;45489;GP2GP2728;Q0 2021;EUR
CORP;46063;GP2GP2148;Q0 2021;EUR
CORP;46272;GP2GP2936;Q0 2021;EUR
CORP;46390;763222;Q0 2021;EUR
CORP;46390;763222;Q1 2021;EUR
CORP;46390;763222;Q2 2021;EUR
CORP;47201;28251033;Q0 2021;EUR
CORP;52484;GP2GP2677;Q0 2021;EUR
CORP;52671;GP2GP2727;Q0 2021;EUR
CORP;54285;GP2GP2694;Q0 2021;EUR
CORP;54422;GP2GP2280;Q0 2021;EUR
CORP;54422;GP2GP2280;Q1 2021;EUR
CORP;54422;GP3IB2592;Q1 2021;EUR
CORP;54422;GP3MERD2281;Q0 2021;EUR
CORP;54707;GP2GP2494;Q0 2021;EUR
CORP;55298;GP2GP2683;Q0 2021;EUR
CORP;56507;2445042;Q0 2021;EUR
CORP;57700;GP2GP2318;Q0 2021;EUR
CORP;58405;GP2GP2662;Q0 2021;EUR
CORP;58409;GP4GP2275;Q0 2021;EUR
CORP;58871;GP2GP2544;Q0 2021;EUR
CORP;64368;GP2GP2990;Q0 2021;EUR
CORP;65498;GP2GP2215;Q0 2021;EUR
CORP;65498;GP3IB2667;Q0 2021;EUR
CORP;66444;GP2GP2795;Q0 2021;EUR
CORP;68973;GP2GP2332;Q0 2021;EUR
CORP;68973;GP3NOVN2342;S2 2021;EUR
CORP;77138;GP2GP2534;Q0 2021;EUR
CORP;79290;GP4GP2640-C;Q1 2021;EUR
CORP;79507;GP4GP2059A;Q0 2021;EUR
CORP;84612;GP2GP2796;Q0 2021;EUR
CORP;95268;GP2GP2988;Q0 2021;EUR
CORP;95969;GP2GP2496;Q0 2021;EUR
CORP;99076;GP2GP2596-;Q0 2021;EUR
CORP;99076;GP3PUL2595-;Q0 2021;EUR
CORP;99955;GP2GP2488;Q0 2021;EUR
CORP;102080;GP2GP2560;Q0 2021;EUR
CORP;102080;GP3IB2561;Q1 2021;EUR
CORP;102080;GP3IBISB2563;Q0 2021;EUR
CORP;102080;GP3IBS2562;Q0 2021;EUR
CORP;102080;GP3MERC2565;Q0 2021;EUR
CORP;102080;GP4GP2566;Q0 2021;EUR
CORP;102080;GP4GP2566;Q1 2021;EUR
CORP;108346;GP2GP2950;Q2 2021;EUR
CORP;116354;691441;Q0 2021;EUR
CORP;116354;GP3NOVNR2687;Q0 2021;EUR
CORP;160837;GP4GP21097;Q0 2021;EUR
CORP;160837;GP2GP2721;Q0 2021;EUR
CORP;179978;GP2GP2495;Q0 2021;EUR
CORP;188632;GP2GP2614;Q0 2021;EUR
CORP;189773;GP2GP2819;Q0 2021;EUR
CORP;213585;GP2GP2729;Q0 2021;EUR
CORP;243082;GP2GP2146 H-K;Q0 2021;EUR
CORP;245064;GP3IBMEG2446;Q2 2021;EUR
CORP;247684;2426041;Q0 2021;EUR
CORP;248067;GP2GP2696;Q0 2021;EUR
CORP;258156;GP4GP2716 GER-AUST;Q1 2021;EUR
CORP;263595;GP2GP2720;Q0 2021;EUR
CORP;263595;GP3IBMEGNOV2724;Q0 2021;EUR
CORP;277741;GP2GP21080;Q0 2021;EUR
CORP;290064;GP2GP2922;Q0 2021;EUR
CORP;297364;GP2GP2810;Q0 2021;EUR
CORP;297364;GP3FAIR2811-EUR;Q0 2021;EUR
CORP;297364;GP3SWIS2812;Q0 2021;EUR
CORP;314629;GP2GP2845;Q0 2021;EUR
CORP;315566;GP2GP2823;Q0 2021;EUR
CORP;315566;GP3SOF21048;Q0 2021;EUR
CORP;315566;GP3-21-2-072-MG;Q3 2021;EUR
CORP;316962;GP2GP2964;Q0 2021;EUR
CORP;8789;GP2GP2651;Q0 2021;EUR
CORP;8789;GP3SOF2652;Q0 2021;EUR
CORP;356631;GP2GP21140;Q1 2021;AUD
CORP;356631;GP2GP21140;Q2 2021;EUR
CORP;356631;GP3SOF21142;Q2 2021;EUR
CORP;356631;GP3TR21141;Q0 2021;EUR
CORP;356631;GP3TR21141;Q2 2021;EUR
CORP;261268;GP2-21-6-036;Q0 2021;EUR
CORP;317017;GP4-21-2-090;Q0 2021;EUR
CORP;57991;GP2GP2440;Q0 2021;EUR
CORP;287320;GP3IBB2476;Q3 2021;EUR
CORP;287320;GP2GP2408;Q0 2021;EUR
CORP;95823;GP2GP2545;Q0 2021;EUR
CORP;36557;GP2GP2921;Q0 2021;EUR
CORP;24319;GP2GP2698;Q0 2021;EUR
CORP;253489;GP2GP2556;Q0 2021;EUR
CORP;44330;GP2GP21095;Q0 2021;EUR
CORP;53340;GP2GP2822;Q0 2021;EUR
CORP;56626;GP2GP21054.;Q0 2021;EUR
CORP;47393;GP2GP2211;Q0 2021;EUR
CORP;357189;GP2-21-5-040;Q1 2021;USD
CORP;357189;GP2-21-5-040;Q2 2021;USD
CORP;357189;GP2-21-5-040;Q3 2021;EUR
CORP;1453;GP4GP2046-;Q0 2021;EUR
CORP;106690;GP4GP2176;Q0 2021;EUR
CORP;280188;GP4GP2953;Q0 2021;EUR
CORP;313874;GP4GP21157;Q0 2021;EUR
CORP;275463;GP4GP21156;Q0 2021;EUR
CORP;268491;GP4GP21032;Q0 2021;EUR
CORP;71191;GP4GP2770;Q0 2021;EUR
CORP;248138;GP4GP21115;Q0 2021;EUR
CORP;95056;GP4GP2359;Q0 2021;EUR
CORP;70563;GP4GP2365;Q0 2021;EUR
CORP;193437;GP4GP2570;Q0 2021;EUR
CORP;54685;GP4GP2366;Q0 2021;EUR
CORP;354784;GP2GP2962;Q0 2021;EUR
CORP;184282;GP2GP2576;Q0 2021;EUR
CORP;114784;GP2GP2555;Q0 2021;EUR
CORP;2326;GP2GP2715;Q0 2021;EUR
CORP;191879;GP4GP2581;Q0 2021;EUR
CORP;57072;GP4GP2037;Q0 2021;EUR
CORP;94542;GP4GP1153;Q0 2021;EUR
CORP;92865;GP2-21-6-065;Q2 2021;EUR
CORP;92865;GP2-21-6-065;Q3 2021;EUR
CORP;304393;GP4GP2809;Q0 2021;EUR
CORP;304393;GP4GP2980-2020;Q0 2021;EUR
CORP;347342;GP4GP2979-;Q0 2021;EUR
CORP;47209;GP2GP2684;Q0 2021;EUR
CORP;54741;26102067;Q0 2021;EUR
CORP;77167;GP4GP2004-;Q0 2021;EUR
CORP;107165;GP2GP2807-3;Q0 2021;EUR
ESP;4711;043JR-18;Q1 2021;EUR
ESP;4711;043MT-18;Q1 2021;EUR
ESP;5570;217-19;Q2 2021;EUR
ESP;354230;262-21;Q2 2021;EUR
FRA;604;26096032;Q0 2021;EUR
FRA;1843;29311013;Q0 2021;EUR
FRA;57704;1191006465;Q0 2021;EUR
FRA;58208;20103;Q0 2021;EUR
FRA;123182;2130042860;Q0 2021;EUR
FRA;177067;2195406473;Q0 2021;EUR
FRA;58311;FR2-21-2-051;Q0 2021;EUR
FRA;297900;FR2-20-5-112;Q0 2021;EUR
FRA;297900;FR2-20-5-112;Q1 2021;EUR
FRA;48981;1200306838;Q0 2021;EUR
FRA;58066;2110791339;Q0 2021;EUR
FRA;112905;2204106833;Q1 2021;EUR
FRA;112905;2204106833;Q2 2021;EUR
FRA;112905;2204106833;Q3 2021;EUR
FRA;112905;2204106833;Q4 2021;EUR
FRA;306167;2195306346;Q0 2021;EUR
FRA;286841;2381008;Q0 2021;EUR
FRA;232451;1190106235;Q0 2021;EUR
FRA;328319;1190506253;Q0 2021;EUR
FRA;57818;2193106193;Q0 2021;EUR
FRA;47890;1190106150;Q0 2021;EUR
FRA;264858;1191405962;Q0 2021;EUR
FRA;287641;1190206101;Q0 2021;EUR
FRA;321977;2194006061;Q2 2021;EUR
FRA;277467;1190505947;Q0 2021;EUR
FRA;276781;11872405699;Q0 2021;EUR
FRA;60720;1190405898;Q0 2021;EUR
FRA;182899;119505885;Q0 2021;EUR
FRA;57952;FR3MGPS1662;Q0 2021;EUR
FRA;57952;FR3IISNSNM1663;Q0 2021;EUR
FRA;2270;29314034;Q0 2021;EUR
FRA;45851;2140593993;Q0 2021;EUR
FRA;54618;2150164020;Q0 2021;EUR
FRA;58521;320104;Q0 2021;EUR
FRA;208647;2150054000;Q0 2021;EUR
FRA;44594;1181005805;Q0 2021;EUR
FRA;115081;19218008;Q0 2021;EUR
FRA;3780;2140343266;Q0 2021;EUR
FRA;206646;2140163516;Q0 2021;EUR
FRA;118633;390001;Q0 2021;EUR
FRA;63862;2130542680;Q0 2021;EUR
FRA;46262;1130132254;Q0 2021;EUR
FRA;110674;2130282411;Q0 2021;EUR
FRA;5332;2478080;Q0 2021;EUR
FRA;2098;FR4GP2153;Q0 2021;EUR
FRA;79355;2538053;Q0 2021;EUR
FRA;1845;FR4GP2190;Q0 2021;EUR
FRA;54763;2110411370;Q0 2021;EUR
FRA;46428;28280003;Q0 2021;EUR
FRA;2298;2191505877;Q0 2021;EUR
FRA;43554;2207906594;Q0 2021;EUR
FRA;45303;28242001;Q0 2021;EUR
FRA;52335;27280102;Q0 2021;EUR
FRA;55085;27280103;Q0 2021;EUR
FRA;47190;27315110;Q0 2021;EUR
FRA;57838;27263096;Q0 2021;EUR
FRA;6716;27258081;Q0 2021;EUR
FRA;79831;27306022;Q0 2021;EUR
FRA;46430;1201006605;Q0 2021;EUR
FRA;29450;27314020;Q0 2021;EUR
FRA;61543;26089090;Q0 2021;EUR
FRA;43802;1553045;Q0 2021;EUR
FRA;43547;27255012;Q0 2021;EUR
FRA;45138;570008;Q0 2021;EUR
FRA;45056;6001;Q1 2021;EUR
FRA;45056;6001;Q2 2021;EUR
FRA;45056;6001;Q3 2021;EUR
FRA;45056;6001;Q4 2021;EUR
FRA;46388;209045061;Q0 2021;EUR
FRA;45238;348162;Q0 2021;EUR
FRA;45040;21094;Q0 2021;EUR
FRA;58407;1130082479;Q0 2021;EUR
FRA;45130;662790;Q0 2021;EUR
FRA;46160;579915;Q0 2021;EUR
FRA;46164;21049;Q0 2021;EUR
FRA;3805;832681;Q0 2021;EUR
FRA;58145;900052;Q0 2021;EUR
FRA;57563;14047;Q0 2021;EUR
FRA;58107;520004;Q0 2021;EUR
FRA;43544;2440016;Q0 2021;EUR
FRA;77629;2510008;Q0 2021;EUR
FRA;53581;1557018;Q0 2021;EUR
FRA;58333;2489083;Q0 2021;EUR
FRA;49404;210036934;Q0 2021;EUR
FRA;62415;210054881;Q0 2021;EUR
FRA;62103;2110791340;Q0 2021;EUR
FRA;43549;2110511278;Q0 2021;EUR
FRA;54620;211051128;Q0 2021;EUR
FRA;43533;212811605;Q0 2021;EUR
FRA;46161;28255058;Q0 2021;EUR
FRA;58562;28313083;Q0 2021;EUR
FRA;72200;28314046;Q0 2021;EUR
FRA;43551;28315049;Q0 2021;EUR
FRA;46299;1253004;Q0 2021;EUR
FRA;47194;29257025;Q0 2021;EUR
FRA;44411;29294027;Q0 2021;EUR
FRA;43566;29253037;Q0 2021;EUR
FRA;45916;2090444135;Q0 2021;EUR
FRA;44650;110005165;Q0 2021;EUR
FRA;47239;109081058;Q0 2021;EUR
FRA;46113;10906075;Q0 2021;EUR
FRA;54365;29280038;Q0 2021;EUR
FRA;57820;29302039;Q0 2021;EUR
FRA;48706;19217006;Q0 2021;EUR
FRA;55523;29280003;Q0 2021;EUR
FRA;44543;28314089;Q0 2021;EUR
FRA;44773;28306077;Q0 2021;EUR
FRA;44791;4070;Q1 2021;EUR
FRA;44791;4070;Q2 2021;EUR
FRA;44791;4070;Q3 2021;EUR
FRA;44791;4070;Q4 2021;EUR
FRA;43557;840004;Q0 2021;EUR
FRA;3434;2588020;Q0 2021;EUR
FRA;46304;21003;Q0 2021;EUR
FRA;58402;17225009;Q0 2021;EUR
FRA;57691;700060;Q0 2021;EUR
FRA;46391;900067;Q0 2021;EUR
FRA;41730;5003;Q0 2021;EUR
FRA;41730;5003;Q1 2021;EUR
FRA;41730;5003;Q2 2021;EUR
FRA;41730;5003;Q3 2021;EUR
FRA;41730;5003;Q4 2021;EUR
FRA;45236;2233017;Q0 2021;EUR
FRA;45025;21098;Q0 2021;EUR
FRA;45349;2588016;Q0 2021;EUR
FRA;43543;347940;Q0 2021;EUR
FRA;47192;390030;Q0 2021;EUR
FRA;57088;2489061;Q0 2021;EUR
FRA;57077;390104;Q0 2021;EUR
FRA;43534;390002;Q0 2021;EUR
FRA;57713;410001;Q0 2021;EUR
FRA;57760;570017;Q0 2021;EUR
FRA;58393;2002;Q1 2021;EUR
FRA;58393;2002;Q2 2021;EUR
FRA;58393;2002;Q3 2021;EUR
FRA;58393;2002;Q4 2021;EUR
FRA;26826;401003;Q0 2021;EUR
FRA;43536;390036;Q0 2021;EUR
FRA;44795;390089;Q0 2021;EUR
FRA;58821;5009;Q1 2021;EUR
FRA;58821;5009;Q2 2021;EUR
FRA;58821;5009;Q3 2021;EUR
FRA;58821;5009;Q4 2021;EUR
FRA;57772;21016;Q0 2021;EUR
FRA;43535;4056;Q1 2021;EUR
FRA;43535;4056;Q2 2021;EUR
FRA;43535;4056;Q3 2021;EUR
FRA;43535;4056;Q4 2021;EUR
FRA;43535;FR4GP1532;Q0 2021;EUR
FRA;46048;2489071;Q0 2021;EUR
FRA;43538;901005;Q0 2021;EUR
FRA;56494;8014;Q1 2021;EUR
FRA;56494;8014;Q2 2021;EUR
FRA;56494;8014;Q3 2021;EUR
FRA;56494;8014;Q4 2021;EUR
FRA;57327;12007;Q0 2021;EUR
FRA;46061;900075;Q0 2021;EUR
FRA;46425;850012;Q0 2021;EUR
FRA;45250;2009;Q0 2021;EUR
FRA;45442;2202006651;Q0 2021;EUR
FRA;45257;20004;Q0 2021;EUR
FRA;2333;320101;Q0 2021;EUR
FRA;45337;459997;Q0 2021;EUR
FRA;56501;550003;Q0 2021;EUR
FRA;43529;11021-MAREE ;Q0 2021;EUR
FRA;43529;13102 FRUITS & LEGUMES ;Q0 2021;EUR
FRA;57864;390050;Q0 2021;EUR
FRA;1870;2160704885;Q0 2021;EUR
FRA;57312;2489060;Q0 2021;EUR
FRA;44727;4053;Q1 2021;EUR
FRA;44727;4053;Q2 2021;EUR
FRA;44727;4053;Q3 2021;EUR
FRA;44727;4053;Q4 2021;EUR
FRA;3740;2207206736;Q0 2021;EUR
FRA;299570;1191406449;Q0 2021;EUR
FRA;297782;2195306345;Q0 2021;EUR
FRA;45002;1191406240;Q0 2021;EUR
FRA;325951;2197206236;Q0 2021;EUR
FRA;46293;2193306141;Q0 2021;EUR
FRA;318590;2140213076;Q0 2021;EUR
FRA;276895;2185905757;Q0 2021;EUR
FRA;197215;1186605750;Q0 2021;EUR
FRA;292550;2185435528;Q0 2021;EUR
FRA;263257;2181805656;Q0 2021;EUR
FRA;160710;2184105581;Q0 2021;EUR
FRA;43828;1181405424;Q0 2021;EUR
FRA;250678;2170365127;Q0 2021;EUR
FRA;269394;2160195044;Q0 2021;EUR
FRA;259612;4048;Q1 2021;EUR
FRA;259612;4048;Q3 2021;EUR
FRA;259612;4048;Q4 2021;EUR
FRA;185209;2160304936;Q0 2021;EUR
FRA;345175;2191706367;Q0 2021;EUR
FRA;317017;FR4-20-2-115;Q0 2021;EUR
FRA;320680;2204406737;Q0 2021;EUR
FRA;107855;2196605884;Q0 2021;EUR
FRA;54224;2203606654;Q0 2021;EUR
FRA;258979;2197805981;Q0 2021;EUR
FRA;300406;2207206561;Q0 2021;EUR
FRA;58933;1190506325;Q0 2021;EUR
FRA;297399;2197206446;Q0 2021;EUR
FRA;57651;1190106343;Q0 2021;EUR
FRA;51666;11180605800;Q0 2021;EUR
FRA;45435;2182905698;Q0 2021;EUR
FRA;95003;1181505837;Q0 2021;EUR
FRA;211265;2187205706;Q0 2021;EUR
FRA;261738;210081501;Q0 2021;EUR
FRA;261472;1180805726;Q0 2021;EUR
FRA;235473;1187205702;Q0 2021;EUR
FRA;297419;2187005636;Q0 2021;EUR
FRA;181104;2182205661;Q0 2021;EUR
FRA;43973;2184405583;Q0 2021;EUR
FRA;46009;219105876;Q0 2021;EUR
FRA;76151;2183305575;Q0 2021;EUR
FRA;199153;2180295549;Q0 2021;EUR
FRA;234870;1181505459;Q0 2021;EUR
FRA;46474;660016;Q0 2021;EUR
FRA;65143;27306043;Q0 2021;EUR
FRA;265355;1181405502;Q0 2021;EUR
FRA;265547;1188005658;Q0 2021;EUR
FRA;277067;1180105526;Q0 2021;EUR
FRA;61698;1170015183;Q0 2021;EUR
FRA;110685;2130192487-;Q0 2021;EUR
FRA;273059;2170265153;Q0 2021;EUR
FRA;261383;2170535119;Q0 2021;EUR
FRA;261887;2170535118;Q0 2021;EUR
FRA;265520;27315026;Q0 2021;EUR
FRA;256873;26091030;Q0 2021;EUR
FRA;57791;2160724833;Q0 2021;EUR
FRA;225248;2160204868;Q0 2021;EUR
FRA;57411;2160705043;Q0 2021;EUR
FRA;183207;2160184796;Q0 2021;EUR
FRA;245943;1160154909;Q0 2021;EUR
FRA;82670;2160334794;Q0 2021;EUR
FRA;238873;2160544734;Q0 2021;EUR
FRA;9271;742910;Q0 2021;EUR
FRA;57595;2160544714;Q0 2021;EUR
FRA;67414;2140673707;Q0 2021;EUR
FRA;57434;2150544443;Q0 2021;EUR
FRA;110633;2130362492;Q0 2021;EUR
FRA;58555;2140763973;Q0 2021;EUR
FRA;47271;2151624001;Q0 2021;EUR
FRA;67646;2150594300;Q0 2021;EUR
FRA;207077;1150064040;Q0 2021;EUR
FRA;207077;1150064044;Q0 2021;EUR
FRA;6087;2140373933;Q0 2021;EUR
FRA;198855;1140043728;Q0 2021;EUR
FRA;110238;1140083265;Q0 2021;EUR
FRA;45298;2140663576;Q0 2021;EUR
FRA;56701;2140543267;Q0 2021;EUR
FRA;8467;1140143140;Q0 2021;EUR
FRA;108838;1140033097;Q0 2021;EUR
FRA;44820;1140143268;Q0 2021;EUR
FRA;57487;1140063139;Q0 2021;EUR
FRA;107142;2140542990;Q0 2021;EUR
FRA;58272;1130072480;Q0 2021;EUR
FRA;55922;2130052637;Q0 2021;EUR
FRA;166940;29236022;Q0 2021;EUR
FRA;97561;2120451828;Q0 2021;EUR
FRA;91574;2120051830;Q0 2021;EUR
FRA;84341;2120771736;Q0 2021;EUR
FRA;70546;212771695;Q0 2021;EUR
FRA;70546;FR3IIBIS2619;Q0 2021;EUR
FRA;64759;212541653;Q0 2021;EUR
FRA;58161;1120152007;Q0 2021;EUR
FRA;57814;2120541759;Q0 2021;EUR
FRA;57699;2130182702;Q0 2021;EUR
FRA;57280;2140373433;Q0 2021;EUR
FRA;54644;2120801806;Q0 2021;EUR
FRA;52160;2120721973;Q0 2021;EUR
FRA;48335;220206758;Q0 2021;EUR
FRA;46483;211311451;Q0 2021;EUR
FRA;44916;212091606;Q0 2021;EUR
FRA;43561;29255019;Q0 2021;EUR
FRA;43797;2120721968;Q0 2021;EUR
FRA;24553;2140313622;Q0 2021;EUR
FRA;114558;2130592514;Q0 2021;EUR
FRA;65081;2130052884;Q0 2021;EUR
FRA;43705;1130082408;Q0 2021;EUR
FRA;122470;2130282886;Q0 2021;EUR
FRA;2748;2593033;Q0 2021;EUR
FRA;45914;1130062388;Q0 2021;EUR
FRA;51123;2205106829;Q0 2021;EUR
FRA;114226;27271013;Q0 2021;EUR
FRA;110418;1130112574;Q0 2021;EUR
FRA;57231;2130722476;Q0 2021;EUR
FRA;43564;2150764527;Q3 2021;EUR
FRA;43564;21176977FIXE;Q3 2021;EUR
FRA;43564;21176978FIXE;Q3 2021;EUR
FRA;43564;28312041FIXE;Q3 2021;EUR
FRA;45445;574640;Q0 2021;EUR
FRA;61384;1120141782;Q0 2021;EUR
FRA;97;2578059;Q0 2021;EUR
FRA;44682;1551042;Q0 2021;EUR
FRA;45051;2588037;Q0 2021;EUR
FRA;45153;2471089;Q0 2021;EUR
FRA;45153;2471089;Q1 2021;EUR
FRA;44565;2595012;Q0 2021;EUR
FRA;44921;16062060;Q0 2021;EUR
FRA;47203;26138065;Q0 2021;EUR
FRA;52395;26138062;Q0 2021;EUR
FRA;43711;27280011;Q0 2021;EUR
FRA;43754;26076055;Q0 2021;EUR
FRA;53580;26113076;Q0 2021;EUR
FRA;43558;26112012;Q0 2021;EUR
FRA;45242;26121021;Q0 2021;EUR
FRA;43562;26138028;Q0 2021;EUR
FRA;54595;26113020;Q0 2021;EUR
FRA;55567;26315097;Q0 2021;EUR
FRA;57839;26068093;Q0 2021;EUR
FRA;43528;26315098;Q0 2021;EUR
FRA;53989;27263095;Q0 2021;EUR
FRA;43961;28238004;Q0 2021;EUR
FRA;46174;2466051;Q0 2021;EUR
FRA;45054;2442072;Q0 2021;EUR
FRA;46389;1453008;Q0 2021;EUR
FRA;44717;1453009;Q0 2021;EUR
FRA;44717;FR3IIS1666;Q0 2021;EUR
FRA;45137;2345023;Q0 2021;EUR
FRA;6277;326247;Q0 2021;EUR
FRA;6277;326247;Q1 2021;EUR
FRA;58200;17222005;Q0 2021;EUR
FRA;46387;2204506836;S1 2021;EUR
FRA;46387;2204506836;S2 2021;EUR
FRA;6418;328677;Q0 2021;EUR
FRA;57319;900085;Q0 2021;EUR
FRA;46311;8020;Q1 2021;EUR
FRA;46311;8020;Q2 2021;EUR
FRA;46311;8020;Q3 2021;EUR
FRA;46311;8020;Q4 2021;EUR
FRA;57095;110008700;Q0 2021;EUR
FRA;96489;1150054362;Q0 2021;EUR
FRA;55911;1150144190;Q0 2021;EUR
FRA;53542;2150544042;Q0 2021;EUR
FRA;44785;16064008;Q0 2021;EUR
FRA;43573;870004;Q0 2021;EUR
FRA;44280;21019;Q0 2021;EUR
FRA;2391;2110481485;Q0 2021;EUR
FRA;45041;2205106596;Q0 2021;EUR
FRA;45436;1453005;Q0 2021;EUR
FRA;45436;FR3MGPS1495;Q0 2021;EUR
FRA;45436;FR3IISNSNM1475;Q0 2021;EUR
FRA;47193;2380024;Q0 2021;EUR
FRA;47178;110005166;Q0 2021;EUR
FRA;184416;2140543560;Q0 2021;EUR
FRA;105921;1130052814;Q0 2021;EUR
FRA;53611;1130142885;Q0 2021;EUR
FRA;46210;2110281394;Q0 2021;EUR
FRA;48053;2130722477;Q0 2021;EUR
FRA;58322;2140303476;Q0 2021;EUR
FRA;47183;16063058;Q0 2021;EUR
FRA;297428;2196605879;Q0 2021;EUR
FRA;347018;2207206732;Q0 2021;EUR
FRA;188473;2187205701;Q0 2021;EUR
FRA;294850;1181205572;Q0 2021;EUR
FRA;205611;120406557;Q0 2021;EUR
FRA;280525;2191906229;Q0 2021;EUR
FRA;299324;1190106147;Q0 2021;EUR
FRA;45483;1178105378;Q0 2021;EUR
FRA;97590;2107201969;Q0 2021;EUR
FRA;65826;28280062;Q0 2021;EUR
FRA;66834;2150544146;Q0 2021;EUR
FRA;1449;2160704983;Q0 2021;EUR
FRA;118287;1130032534;Q0 2021;EUR
FRA;53896;2120721971;Q0 2021;EUR
FRA;214076;1150084279;Q0 2021;EUR
FRA;47188;210018887;Q0 2021;EUR
FRA;123655;1210314900;Q2 2021;EUR
FRA;123655;1210314900;Q3 2021;EUR
FRA;123655;1210314900;Q4 2021;EUR
FRA;46188;2130052554;Q0 2021;EUR
FRA;56508;FR4GP1720;Q0 2021;EUR
FRA;46461;FR3IISNSNM1570;Q0 2021;EUR
FRA;57811;2160484941;Q0 2021;EUR
FRA;279834;1170125298;Q0 2021;EUR
FRA;352146;FR2-21-6-041;Q0 2021;EUR
FRA;234120;2180705576;Q0 2021;EUR
FRA;56763;FR4GP2237;Q0 2021;EUR
FRA;205179;1190206344;Q2 2021;EUR
FRA;205179;1190206344;Q0 2021;EUR
FRA;102600;2170185122;Q0 2021;EUR
FRA;100930;FR4GP2602;Q0 2021;EUR
FRA;269253;FR4GP2667;Q0 2021;EUR
FRA;57738;2110721486;Q0 2021;EUR
FRA;56413;2140193475;Q0 2021;EUR
FRA;56413;2140193475;Q3 2021;EUR
FRA;47887;1200506679;Q0 2021;EUR
FRA;45918;350104;Q0 2021;EUR
FRA;317518;119205925;Q0 2021;EUR
FRA;320682;1190506024;Q0 2021;EUR
FRA;286496;1190405952;Q0 2021;EUR
FRA;237028;2195106468;Q0 2021;EUR
FRA;212821;1190405959;Q0 2021;EUR
FRA;115526;1210206922;Q3 2021;EUR
FRA;115526;1210206922;Q4 2021;EUR
FRA;269468;1190505950;Q0 2021;EUR
FRA;203059;2197206490;Q0 2021;EUR
FRA;45078;2130722475;Q0 2021;EUR
FRA;237305;2160674910;Q0 2021;EUR
FRA;231673;1190505963;Q0 2021;EUR
FRA;54399;26089039;Q0 2021;EUR
FRA;94483;2180205700;Q0 2021;EUR
FRA;307520;2185405724;Q0 2021;EUR
FRA;306142;2180705551;Q0 2021;EUR
FRA;287375;1195406224;Q0 2021;EUR
FRA;218054;2207206608;Q0 2021;EUR
FRA;120456;225206734;Q0 2021;EUR
FRA;44236;FR4GP2251;Q0 2021;EUR
FRA;79788;FR4GP2344;Q0 2021;EUR
FRA;342256;FR4GP2785;Q0 2021;EUR
FRA;185247;FR2-21-3-101;Q2 2021;EUR
FRA;80424;FR4GP2246;Q0 2021;EUR
FRA;45545;2177205328;Q0 2021;EUR
FRA;258349;2180835527;Q0 2021;EUR
FRA;53338;2160544735;Q0 2021;EUR
FRA;216611;1177205326;Q0 2021;EUR
FRA;57823;560005;Q0 2021;EUR
FRA;57345;210054307;Q0 2021;EUR
FRA;56783;1190506044;Q0 2021;EUR
FRA;47180;26087057;Q0 2021;EUR
FRA;43622;2466050;Q0 2021;EUR
FRA;271399;2180805438;Q0 2021;EUR
FRA;96837;1120081904;Q0 2021;EUR
FRA;102075;FR3-21-2-138-MNNSNS;Q0 2021;EUR
FRA;75859;2150544105;Q0 2021;EUR
FRA;302429;FR4GP2757;Y 2021;EUR
GBR;33702;1 18 E0L005 GB 00262;Q2 2021;GBP
GBR;34459;1 18 E0L003 GB 00269;Q1 2021;GBP
GBR;34806;GB2-21-2-035;Q3 2021;GBP
GBR;34848;1 18 E0L018 GB 00290;Q2 2021;GBP
GBR;35064;1 18 E00028 GB 00342;Q2 2021;GBP
GBR;36605;1 18 E0L005 GB 00293;Q1 2021;GBP
GBR;36605;1 18 E0L005 GB 00293;Q2 2021;GBP
GBR;36605;1 19 E0L005 GB 00532 - Amaris;Q1 2021;GBP
GBR;36777;1 18 E00033 GB 00272;Q1 2021;GBP
GBR;36889;1 18 E00077 GB 00249;Q3 2021;GBP
GBR;37416;1 18 A00009 GB 00258 Indirect sales;Q1 2021;GBP
GBR;270062;1 19 E00028 GB 00536;Q1 2021;GBP
GBR;270062;1 19 E00028 GB 00536;Q2 2021;GBP
GBR;299519;1 18 E00071 GB 00414;Q2 2021;GBP
GBR;193596;4 18 E00072 GB 00568;Q1 2021;GBP
GBR;115817;1 18 A00014 GB 00534;Q1 2021;GBP
GBR;115817;1 18 A00014 GB 00534;Q2 2021;GBP
GBR;313886;1 19 E00054 GB 00449;Q1 2021;GBP
GBR;313886;1 19 E00054 GB 00449;Q2 2021;GBP
GBR;36867;1 18 A00013 GB 00389;Q1 2021;GBP
GBR;36867;1 18 A00013 GB 00389;Q2 2021;GBP
GBR;306961;7 19 A00009 GB 00536;Q1 2021;GBP
GBR;306961;7 19 A00009 GB 00536;Q2 2021;GBP
GBR;35598;GB2-21-1-031;Q1 2021;GBP
GBR;119281;1 17 A00014 GB 00533;Q2 2021;GBP
GBR;119281;1 17 A00014 GB 00533;Q3 2021;GBP
GBR;115736;1 18 A00004 GB 00532;Q1 2021;GBP
GBR;115736;1 18 A00004 GB 00532;Q2 2021;GBP
GBR;36898;1 18 E00062 GB 00558;Q1 2021;GBP
GBR;36898;1 18 E00062 GB 00558;Q2 2021;GBP
GBR;36898;1 18 E00062 GB 00558;Q3 2021;GBP
ITA;26149;IT2GP202059;Q1 2021;EUR
ITA;27841;IT2GP202063;Q1 2021;EUR
ITA;27841;IT2GP202063;Q2 2021;EUR
ITA;28775;IT2GP182060;Q1 2021;EUR
ITA;28775;IT2GP182060;Q2 2021;EUR
ITA;28775;IT2GP182060;Q3 2021;EUR
ITA;80442;IT2GP10326;Q1 2021;EUR
ITA;80442;IT2GP10326;Q2 2021;EUR
ITA;80442;IT2GP10326;Q3 2021;EUR
ITA;80442;IT2GP10326;Q4 2021;EUR
ITA;188632;IT2GP20333_2v5;Q3 2021;EUR
ITA;243742;IT2GP20332;Q1 2021;EUR
ITA;346176;IT4GP201082;Q2 2021;EUR
ITA;346176;IT4GP201082;Q3 2021;EUR
ITA;307878;IT2GP20380;Q1 2021;EUR
ITA;307878;IT2GP20380;Q2 2021;EUR
ITA;307878;IT2GP20380;Q3 2021;EUR
ITA;TEMP IT9;IT2-21-2-031;Q2 2021;EUR
ITA;29520;IT2GP191058 2020;Q1 2021;EUR
ITA;184868;IT2GP10360;Q3 2021;EUR
NLD;7905;E10P200048-0909;Q2 2021;EUR
NLD;7905;E10P200048-0909;Q3 2021;EUR
NLD;8241;E16P202363-0123;Q2 2021;EUR
NLD;9160;NL2201022GP;Q1 2021;EUR
NLD;10133;F16P202381-0092;Q2 2021;EUR
NLD;37416;F10P300184-ST00;Q1 2021;EUR
NLD;37416;F10P300184-ST00;Q2 2021;EUR
NLD;37416;F10P300184-ST00;Q3 2021;EUR
NLD;9460;NL4201040GP;Q4 2021;EUR
NLD;9165;F10P200102-0500;Q2 2021;EUR
PRT;330775;Prt 360-2019;Q2 2021;EUR
PRT;100660;Prt 263_2015;Q2 2021;EUR
PRT;100660;Prt 263_2015;Q3 2021;EUR